[
{
    "model": "account.lastbuyitem",
    "pk": 1,
    "fields": {
        "user": 2,
        "item_name": "Corner Sofa",
        "price_was": "799.00",
        "quantity": 1,
        "bought_at": "2025-08-26T09:24:05.287Z",
        "item_id": 3
    }
},
{
    "model": "account.lastbuyitem",
    "pk": 2,
    "fields": {
        "user": 1,
        "item_name": "Dining Table",
        "price_was": "249.99",
        "quantity": 3,
        "bought_at": "2025-08-26T09:29:56.292Z",
        "item_id": 1
    }
},
{
    "model": "account.lastbuyitem",
    "pk": 3,
    "fields": {
        "user": 1,
        "item_name": "Soft Chair",
        "price_was": "89.99",
        "quantity": 1,
        "bought_at": "2025-08-26T11:01:01.616Z",
        "item_id": 2
    }
},
{
    "model": "account.lastbuyitem",
    "pk": 4,
    "fields": {
        "user": 1,
        "item_name": "Dining Table",
        "price_was": "249.99",
        "quantity": 1,
        "bought_at": "2025-08-26T11:01:01.631Z",
        "item_id": 1
    }
},
{
    "model": "account.user",
    "pk": 1,
    "fields": {
        "password": "pbkdf2_sha256$1000000$xsUXknreroHm6RbzB3MhKG$Ru1/5xYwGodp/DfsD6g+dlXdewWjEVC0jWiusTlTE/Y=",
        "last_login": "2025-08-26T11:03:44.236Z",
        "is_superuser": true,
        "username": "admin",
        "first_name": "",
        "last_name": "",
        "is_staff": true,
        "is_active": true,
        "date_joined": "2025-08-26T08:58:03.200Z",
        "email": "admin@gmail.com",
        "avatar": "",
        "groups": [],
        "user_permissions": []
    }
},
{
    "model": "account.user",
    "pk": 2,
    "fields": {
        "password": "pbkdf2_sha256$1000000$MRzmy0qceeMzXDnhtWyZiU$A1BpJSOJx72qiiMsMVFxIHZCRWC1gpklzsN1t+cm1Ik=",
        "last_login": "2025-08-26T09:23:14.820Z",
        "is_superuser": false,
        "username": "user1",
        "first_name": "",
        "last_name": "",
        "is_staff": false,
        "is_active": true,
        "date_joined": "2025-08-26T09:22:51.755Z",
        "email": "gabam33678@namestal.com",
        "avatar": "",
        "groups": [],
        "user_permissions": []
    }
},
{
    "model": "account.user",
    "pk": 3,
    "fields": {
        "password": "pbkdf2_sha256$1000000$ftmDPur0jgIgJIEhcxZaxr$DDjaBMHiiztc/QZPg9pOEpjzBTWBfZUDGFNdU6sr/30=",
        "last_login": null,
        "is_superuser": false,
        "username": "uyguguy",
        "first_name": "",
        "last_name": "",
        "is_staff": false,
        "is_active": false,
        "date_joined": "2025-08-26T11:03:16.812Z",
        "email": "aoad@gmail.com",
        "avatar": "",
        "groups": [],
        "user_permissions": []
    }
},
{
    "model": "account.comment",
    "pk": 1,
    "fields": {
        "text": "Nice",
        "user": 1,
        "create": "2025-08-26T11:00:36.709Z"
    }
},
{
    "model": "account.cart",
    "pk": 1,
    "fields": {
        "user": 1
    }
},
{
    "model": "account.cart",
    "pk": 2,
    "fields": {
        "user": 2
    }
},
{
    "model": "account.cart",
    "pk": 3,
    "fields": {
        "user": 3
    }
},
{
    "model": "account.cartitem",
    "pk": 5,
    "fields": {
        "cart": 1,
        "item": 5,
        "quantity": 3
    }
},
{
    "model": "account.buy",
    "pk": 1,
    "fields": {
        "user": 2,
        "item_id": 3,
        "item_quantity": 1,
        "cart": 2,
        "item_price": "799.00",
        "phone_number": "651651651665",
        "card_number": "**** **** **** 5651",
        "cvv": "***",
        "created_at": "2025-08-26T09:24:05.295Z",
        "status": true
    }
},
{
    "model": "account.buy",
    "pk": 2,
    "fields": {
        "user": 1,
        "item_id": 1,
        "item_quantity": 3,
        "cart": 1,
        "item_price": "249.99",
        "phone_number": "123",
        "card_number": "**** **** **** 213",
        "cvv": "***",
        "created_at": "2025-08-26T09:29:56.300Z",
        "status": true
    }
},
{
    "model": "account.buy",
    "pk": 3,
    "fields": {
        "user": 1,
        "item_id": 2,
        "item_quantity": 1,
        "cart": 1,
        "item_price": "89.99",
        "phone_number": "123131321",
        "card_number": "**** **** **** 1321",
        "cvv": "***",
        "created_at": "2025-08-26T11:01:01.623Z",
        "status": true
    }
},
{
    "model": "account.buy",
    "pk": 4,
    "fields": {
        "user": 1,
        "item_id": 1,
        "item_quantity": 1,
        "cart": 1,
        "item_price": "249.99",
        "phone_number": "123131321",
        "card_number": "**** **** **** 1321",
        "cvv": "***",
        "created_at": "2025-08-26T11:01:01.638Z",
        "status": true
    }
},
{
    "model": "service.color",
    "pk": 1,
    "fields": {
        "color": "Gray"
    }
},
{
    "model": "service.color",
    "pk": 2,
    "fields": {
        "color": "Beige"
    }
},
{
    "model": "service.material",
    "pk": 1,
    "fields": {
        "material": "Wood"
    }
},
{
    "model": "service.material",
    "pk": 2,
    "fields": {
        "material": "Metal"
    }
},
{
    "model": "service.material",
    "pk": 3,
    "fields": {
        "material": "Fabric"
    }
},
{
    "model": "service.item",
    "pk": 1,
    "fields": {
        "name": "Dining Table",
        "price": "249.99",
        "description": "Wooden table for 6",
        "color": 1,
        "count": 6,
        "item_class": 1,
        "image": "items/itemphoto/Screenshot_2025-08-26_120454.png",
        "material": [
            1
        ],
        "comment": [
            1
        ]
    }
},
{
    "model": "service.item",
    "pk": 2,
    "fields": {
        "name": "Soft Chair",
        "price": "89.99",
        "description": "Comfortable fabric chair",
        "color": 2,
        "count": 24,
        "item_class": 2,
        "image": "items/itemphoto/ChatGPT_Image_26_авг._2025_г._12_04_06.png",
        "material": [
            1,
            3
        ],
        "comment": []
    }
},
{
    "model": "service.item",
    "pk": 3,
    "fields": {
        "name": "Corner Sofa",
        "price": "799.00",
        "description": "Large corner sofa",
        "color": 1,
        "count": 4,
        "item_class": 3,
        "image": "items/itemphoto/Screenshot_2025-08-26_123027.png",
        "material": [
            3
        ],
        "comment": []
    }
},
{
    "model": "service.item",
    "pk": 4,
    "fields": {
        "name": "Coffee Table",
        "price": "129.50",
        "description": "Low table for living room",
        "color": 2,
        "count": 12,
        "item_class": 1,
        "image": "items/itemphoto/Screenshot_2025-08-26_123031.png",
        "material": [
            1,
            2
        ],
        "comment": []
    }
},
{
    "model": "service.item",
    "pk": 5,
    "fields": {
        "name": "Bar Stool",
        "price": "99.00",
        "description": "High kitchen stool",
        "color": 1,
        "count": 18,
        "item_class": 2,
        "image": "items/itemphoto/Screenshot_2025-08-26_123039.png",
        "material": [
            2
        ],
        "comment": []
    }
},
{
    "model": "service.item",
    "pk": 6,
    "fields": {
        "name": "Loveseat Sofa",
        "price": "599.00",
        "description": "Compact two-seater",
        "color": 2,
        "count": 7,
        "item_class": 3,
        "image": "items/itemphoto/Screenshot_2025-08-26_123044.png",
        "material": [
            3
        ],
        "comment": []
    }
},
{
    "model": "service.item",
    "pk": 7,
    "fields": {
        "name": "Writing Desk",
        "price": "199.99",
        "description": "Desk with drawers",
        "color": 1,
        "count": 9,
        "item_class": 1,
        "image": "items/itemphoto/Screenshot_2025-08-26_123054.png",
        "material": [
            1
        ],
        "comment": []
    }
},
{
    "model": "service.item",
    "pk": 8,
    "fields": {
        "name": "Office Chair",
        "price": "149.99",
        "description": "Adjustable office chair",
        "color": 2,
        "count": 20,
        "item_class": 2,
        "image": "items/itemphoto/Screenshot_2025-08-26_123058.png",
        "material": [
            2,
            3
        ],
        "comment": []
    }
},
{
    "model": "service.item",
    "pk": 9,
    "fields": {
        "name": "Sleeper Sofa",
        "price": "899.00",
        "description": "Fold-out sofa bed",
        "color": 1,
        "count": 4,
        "item_class": 3,
        "image": "",
        "material": [
            1,
            3
        ],
        "comment": []
    }
},
{
    "model": "service.item",
    "pk": 10,
    "fields": {
        "name": "Console Table",
        "price": "179.00",
        "description": "Slim hallway table",
        "color": 2,
        "count": 6,
        "item_class": 1,
        "image": "",
        "material": [
            1
        ],
        "comment": []
    }
},
{
    "model": "service.item",
    "pk": 11,
    "fields": {
        "name": "Lounge Chair",
        "price": "129.00",
        "description": "Relaxing armchair",
        "color": 1,
        "count": 15,
        "item_class": 2,
        "image": "",
        "material": [
            3
        ],
        "comment": []
    }
},
{
    "model": "service.item",
    "pk": 12,
    "fields": {
        "name": "Sectional Sofa",
        "price": "999.00",
        "description": "Modular corner sofa",
        "color": 2,
        "count": 3,
        "item_class": 3,
        "image": "",
        "material": [
            3
        ],
        "comment": []
    }
},
{
    "model": "service.item",
    "pk": 13,
    "fields": {
        "name": "Folding Table",
        "price": "89.00",
        "description": "Compact foldable table",
        "color": 1,
        "count": 8,
        "item_class": 1,
        "image": "",
        "material": [
            2
        ],
        "comment": []
    }
},
{
    "model": "service.item",
    "pk": 14,
    "fields": {
        "name": "Dining Chair",
        "price": "79.99",
        "description": "Classic wooden chair",
        "color": 2,
        "count": 22,
        "item_class": 2,
        "image": "",
        "material": [
            1
        ],
        "comment": []
    }
},
{
    "model": "service.item",
    "pk": 15,
    "fields": {
        "name": "Recliner Sofa",
        "price": "849.00",
        "description": "Sofa with reclining seats",
        "color": 1,
        "count": 4,
        "item_class": 3,
        "image": "",
        "material": [
            3
        ],
        "comment": []
    }
},
{
    "model": "service.item",
    "pk": 16,
    "fields": {
        "name": "Side Table",
        "price": "109.00",
        "description": "Small table for accessories",
        "color": 2,
        "count": 10,
        "item_class": 1,
        "image": "",
        "material": [
            1
        ],
        "comment": []
    }
},
{
    "model": "service.item",
    "pk": 17,
    "fields": {
        "name": "Swivel Chair",
        "price": "139.00",
        "description": "Chair with rotating base",
        "color": 1,
        "count": 17,
        "item_class": 2,
        "image": "",
        "material": [
            2,
            3
        ],
        "comment": []
    }
},
{
    "model": "service.item",
    "pk": 18,
    "fields": {
        "name": "Modular Sofa",
        "price": "1099.00",
        "description": "Customizable sofa system",
        "color": 2,
        "count": 2,
        "item_class": 3,
        "image": "",
        "material": [
            1,
            3
        ],
        "comment": []
    }
},
{
    "model": "service.itemclass",
    "pk": 1,
    "fields": {
        "name": "Table"
    }
},
{
    "model": "service.itemclass",
    "pk": 2,
    "fields": {
        "name": "Chair"
    }
},
{
    "model": "service.itemclass",
    "pk": 3,
    "fields": {
        "name": "Sofa"
    }
}
]
